1,https://www.mbta.com/uploadedFiles/Documents/Schedules_and_Maps/Bus/route001.pdf
4,https://www.mbta.com/uploadedFiles/Documents/Schedules_and_Maps/Bus/route0046(1).pdf
6,https://www.mbta.com/uploadedFiles/Documents/Schedules_and_Maps/Bus/route0046.pdf
5,https://www.mbta.com/uploadedFiles/Documents/Schedules_and_Maps/Bus/route00510(1).pdf
10,https://www.mbta.com/uploadedfiles/Documents/Schedules_and_Maps/Bus/route00510.pdf
7,https://www.mbta.com/uploadedFiles/Documents/Schedules_and_Maps/Bus/route007.pdf
8,https://www.mbta.com/uploadedFiles/Documents/Schedules_and_Maps/Bus/route008.pdf
9,https://www.mbta.com/uploadedFiles/Documents/Schedules_and_Maps/Bus/route009.pdf
11,https://www.mbta.com/uploadedFiles/Documents/Schedules_and_Maps/Bus/route011.pdf
14,https://www.mbta.com/uploadedFiles/Documents/Schedules_and_Maps/Bus/route014.pdf
15,https://www.mbta.com/uploadedFiles/Documents/Schedules_and_Maps/Bus/route015.pdf
16,https://www.mbta.com/uploadedFiles/Documents/Schedules_and_Maps/Bus/route016.pdf
17,https://www.mbta.com/uploadedFiles/Documents/Schedules_and_Maps/Bus/route01719(1).pdf
19,https://www.mbta.com/uploadedFiles/Documents/Schedules_and_Maps/Bus/route01719.pdf
18,https://www.mbta.com/uploadedFiles/Documents/Schedules_and_Maps/Bus/route018.pdf
21,https://www.mbta.com/uploadedFiles/Documents/Schedules_and_Maps/Bus/route021.pdf
22,https://www.mbta.com/uploadedFiles/Documents/Schedules_and_Maps/Bus/route022.pdf
23,https://www.mbta.com/uploadedFiles/Documents/Schedules_and_Maps/Bus/route023.pdf
33,https://www.mbta.com/uploadedFiles/Documents/Schedules_and_Maps/Bus/route0242733.pdf
24,https://www.mbta.com/uploadedFiles/Documents/Schedules_and_Maps/Bus/route0242733(1).pdf
27,https://www.mbta.com/uploadedFiles/Documents/Schedules_and_Maps/Bus/route0242733(2).pdf
28,https://www.mbta.com/uploadedFiles/Documents/Schedules_and_Maps/Bus/route02528.pdf
25,https://www.mbta.com/uploadedFiles/Documents/Schedules_and_Maps/Bus/route02528(1).pdf
26,https://www.mbta.com/uploadedFiles/Documents/Schedules_and_Maps/Bus/route026.pdf
29,https://www.mbta.com/uploadedFiles/Documents/Schedules_and_Maps/Bus/route029.pdf
30,https://www.mbta.com/uploadedFiles/Documents/Schedules_and_Maps/Bus/route030.pdf
31,https://www.mbta.com/uploadedFiles/Documents/Schedules_and_Maps/Bus/route031.pdf
32,https://www.mbta.com/uploadedFiles/Documents/Schedules_and_Maps/Bus/route032.pdf
34E,https://www.mbta.com/uploadedFiles/Documents/Schedules_and_Maps/Bus/route03434E.pdf
34,https://www.mbta.com/uploadedFiles/Documents/Schedules_and_Maps/Bus/route03434E(1).pdf
35,https://www.mbta.com/uploadedFiles/Documents/Schedules_and_Maps/Bus/route035.pdf
36,https://www.mbta.com/uploadedFiles/Documents/Schedules_and_Maps/Bus/route036.pdf
37,https://www.mbta.com/uploadedFiles/Documents/Schedules_and_Maps/Bus/route037.pdf
38,https://www.mbta.com/uploadedFiles/Documents/Schedules_and_Maps/Bus/route038.pdf
39,https://www.mbta.com/uploadedFiles/Documents/Schedules_and_Maps/Bus/route039.pdf
40,https://www.mbta.com/uploadedFiles/Documents/Schedules_and_Maps/Bus/route04050(1).pdf
50,https://www.mbta.com/uploadedFiles/Documents/Schedules_and_Maps/Bus/route04050.pdf
41,https://www.mbta.com/uploadedFiles/Documents/Schedules_and_Maps/Bus/route041.pdf
42,https://www.mbta.com/uploadedFiles/Documents/Schedules_and_Maps/Bus/route042.pdf
43,https://www.mbta.com/uploadedFiles/Documents/Schedules_and_Maps/Bus/route043.pdf
44,https://www.mbta.com/uploadedFiles/Documents/Schedules_and_Maps/Bus/route044.pdf
45,https://www.mbta.com/uploadedFiles/Documents/Schedules_and_Maps/Bus/route045.pdf
47,https://www.mbta.com/uploadedFiles/Documents/Schedules_and_Maps/Bus/route047.pdf
51,https://www.mbta.com/uploadedFiles/Documents/Schedules_and_Maps/Bus/route051.pdf
52,https://www.mbta.com/uploadedFiles/Documents/Schedules_and_Maps/Bus/route052.pdf
55,https://www.mbta.com/uploadedFiles/Documents/Schedules_and_Maps/Bus/route055.pdf
57,https://www.mbta.com/uploadedFiles/Documents/Schedules_and_Maps/Bus/route057.pdf
57A,https://www.mbta.com/uploadedFiles/Documents/Schedules_and_Maps/Bus/route057.pdf
59,https://www.mbta.com/uploadedFiles/Documents/Schedules_and_Maps/Bus/route059.pdf
60,https://www.mbta.com/uploadedFiles/Documents/Schedules_and_Maps/Bus/route060.pdf
62,https://www.mbta.com/uploadedFiles/Documents/Schedules_and_Maps/Bus/route06276(1).pdf
76,https://www.mbta.com/uploadedFiles/Documents/Schedules_and_Maps/Bus/route06276.pdf
64,https://www.mbta.com/uploadedFiles/Documents/Schedules_and_Maps/Bus/route06468(1).pdf
68,https://www.mbta.com/uploadedFiles/Documents/Schedules_and_Maps/Bus/route06468.pdf
65,https://www.mbta.com/uploadedFiles/Documents/Schedules_and_Maps/Bus/route065.pdf
66,https://www.mbta.com/uploadedFiles/Documents/Schedules_and_Maps/Bus/route066.pdf
67,https://www.mbta.com/uploadedFiles/Documents/Schedules_and_Maps/Bus/route06779(1).pdf
79,https://www.mbta.com/uploadedFiles/Documents/Schedules_and_Maps/Bus/route06779.pdf
69,https://www.mbta.com/uploadedFiles/Documents/Schedules_and_Maps/Bus/route069.pdf
70,https://www.mbta.com/uploadedfiles/Documents/Schedules_and_Maps/Bus/route07070a170(1).pdf
70A,https://www.mbta.com/uploadedFiles/Documents/Schedules_and_Maps/Bus/route07070a170.pdf
170,https://www.mbta.com/uploadedfiles/Documents/Schedules_and_Maps/Bus/route07070a170(2).pdf
71,https://www.mbta.com/uploadedFiles/Documents/Schedules_and_Maps/Bus/route071.pdf
72,https://www.mbta.com/uploadedFiles/Documents/Schedules_and_Maps/Bus/route072.pdf
73,https://www.mbta.com/uploadedFiles/Documents/Schedules_and_Maps/Bus/route073.pdf
74,https://www.mbta.com/uploadedFiles/Documents/Schedules_and_Maps/Bus/route07475(1).pdf
75,https://www.mbta.com/uploadedFiles/Documents/Schedules_and_Maps/Bus/route07475.pdf
77,https://www.mbta.com/uploadedFiles/Documents/Schedules_and_Maps/Bus/route077.pdf
78,https://www.mbta.com/uploadedFiles/Documents/Schedules_and_Maps/Bus/route07884.pdf
84,https://www.mbta.com/uploadedFiles/Documents/Schedules_and_Maps/Bus/route07884(1).pdf
80,https://www.mbta.com/uploadedFiles/Documents/Schedules_and_Maps/Bus/route080.pdf
83,https://www.mbta.com/uploadedFiles/Documents/Schedules_and_Maps/Bus/route083.pdf
85,https://www.mbta.com/uploadedFiles/Documents/Schedules_and_Maps/Bus/route085.pdf
86,https://www.mbta.com/uploadedFiles/Documents/Schedules_and_Maps/Bus/route086.pdf
87,https://www.mbta.com/uploadedFiles/Documents/Schedules_and_Maps/Bus/route087.pdf
88,https://www.mbta.com/uploadedFiles/Documents/Schedules_and_Maps/Bus/route088.pdf
89,https://www.mbta.com/uploadedFiles/Documents/Schedules_and_Maps/Bus/route089.pdf
90,https://www.mbta.com/uploadedFiles/Documents/Schedules_and_Maps/Bus/route090.pdf
91,https://www.mbta.com/uploadedFiles/Documents/Schedules_and_Maps/Bus/route091.pdf
92,https://www.mbta.com/uploadedFiles/Documents/Schedules_and_Maps/Bus/route092.pdf
93,https://www.mbta.com/uploadedFiles/Documents/Schedules_and_Maps/Bus/route093.pdf
94,https://www.mbta.com/uploadedFiles/Documents/Schedules_and_Maps/Bus/route094.pdf
95,https://www.mbta.com/uploadedFiles/Documents/Schedules_and_Maps/Bus/route095.pdf
96,https://www.mbta.com/uploadedFiles/Documents/Schedules_and_Maps/Bus/route096.pdf
97,https://www.mbta.com/uploadedFiles/Documents/Schedules_and_Maps/Bus/route097.pdf
99,https://www.mbta.com/uploadedFiles/Documents/Schedules_and_Maps/Bus/route099.pdf
100,https://www.mbta.com/uploadedFiles/Documents/Schedules_and_Maps/Bus/route100.pdf
101,https://www.mbta.com/uploadedFiles/Documents/Schedules_and_Maps/Bus/route101.pdf
104,https://www.mbta.com/uploadedFiles/Documents/Schedules_and_Maps/Bus/route104109(1).pdf
109,https://www.mbta.com/uploadedFiles/Documents/Schedules_and_Maps/Bus/route104109.pdf
105,https://www.mbta.com/uploadedFiles/Documents/Schedules_and_Maps/Bus/route105.pdf
106,https://www.mbta.com/uploadedFiles/Documents/Schedules_and_Maps/Bus/route106.pdf
108,https://www.mbta.com/uploadedFiles/Documents/Schedules_and_Maps/Bus/route108.pdf
110,https://www.mbta.com/uploadedFiles/Documents/Schedules_and_Maps/Bus/route110.pdf
111,https://www.mbta.com/uploadedFiles/Documents/Schedules_and_Maps/Bus/route111.pdf
112,https://www.mbta.com/uploadedFiles/Documents/Schedules_and_Maps/Bus/route112.pdf
114,https://www.mbta.com/uploadedFiles/Documents/Schedules_and_Maps/Bus/route114116117.pdf
116,https://www.mbta.com/uploadedFiles/Documents/Schedules_and_Maps/Bus/route114116117(2).pdf
117,https://www.mbta.com/uploadedFiles/Documents/Schedules_and_Maps/Bus/route114116117(1).pdf
120,https://www.mbta.com/uploadedFiles/Documents/Schedules_and_Maps/Bus/route120121.pdf
119,https://www.mbta.com/uploadedFiles/Documents/Schedules_and_Maps/Bus/route119.pdf
121,https://www.mbta.com/uploadedFiles/Documents/Schedules_and_Maps/Bus/route120121(1).pdf
131,https://www.mbta.com/uploadedFiles/Documents/Schedules_and_Maps/Bus/route131132.pdf
132,https://www.mbta.com/uploadedFiles/Documents/Schedules_and_Maps/Bus/route131132(1).pdf
134,https://www.mbta.com/uploadedFiles/Documents/Schedules_and_Maps/Bus/route134.pdf
136,https://www.mbta.com/uploadedFiles/Documents/Schedules_and_Maps/Bus/route136137.pdf
137,https://www.mbta.com/uploadedFiles/Documents/Schedules_and_Maps/Bus/route136137(1).pdf
201,https://www.mbta.com/uploadedFiles/Documents/Schedules_and_Maps/Bus/route201202.pdf
202,https://www.mbta.com/uploadedFiles/Documents/Schedules_and_Maps/Bus/route201202(1).pdf
210,https://www.mbta.com/uploadedFiles/Documents/Schedules_and_Maps/Bus/route210211212(2).pdf
211,https://www.mbta.com/uploadedFiles/Documents/Schedules_and_Maps/Bus/route210211212.pdf
212,https://www.mbta.com/uploadedFiles/Documents/Schedules_and_Maps/Bus/route210211212.pdf
214,https://www.mbta.com/uploadedFiles/Documents/Schedules_and_Maps/Bus/route214216.pdf
216,https://www.mbta.com/uploadedFiles/Documents/Schedules_and_Maps/Bus/route214216(1).pdf
215,https://www.mbta.com/uploadedFiles/Documents/Schedules_and_Maps/Bus/route215.pdf
217,https://www.mbta.com/uploadedFiles/Documents/Schedules_and_Maps/Bus/route217245.pdf
245,https://www.mbta.com/uploadedFiles/Documents/Schedules_and_Maps/Bus/route217245(1).pdf
220,https://www.mbta.com/uploadedFiles/Documents/Schedules_and_Maps/Bus/route220221222(1).pdf
221,https://www.mbta.com/uploadedFiles/Documents/Schedules_and_Maps/Bus/route220221222.pdf
222,https://www.mbta.com/uploadedFiles/Documents/Schedules_and_Maps/Bus/route220221222(2).pdf
225,https://www.mbta.com/uploadedFiles/Documents/Schedules_and_Maps/Bus/route225.pdf
230,https://www.mbta.com/uploadedFiles/Documents/Schedules_and_Maps/Bus/route230.pdf
236,https://www.mbta.com/uploadedFiles/Documents/Schedules_and_Maps/Bus/route236.pdf
238,https://www.mbta.com/uploadedFiles/Documents/Schedules_and_Maps/Bus/route238.pdf
240,https://www.mbta.com/uploadedFiles/Documents/Schedules_and_Maps/Bus/route240.pdf
325,https://www.mbta.com/uploadedFiles/Documents/Schedules_and_Maps/Bus/route325326(1).pdf
326,https://www.mbta.com/uploadedFiles/Documents/Schedules_and_Maps/Bus/route325326.pdf
350,https://www.mbta.com/uploadedfiles/Documents/Schedules_and_Maps/Bus/route350351.pdf
351,https://www.mbta.com/uploadedfiles/Documents/Schedules_and_Maps/Bus/route350351(1).pdf
352,https://www.mbta.com/uploadedFiles/Documents/Schedules_and_Maps/Bus/route352.pdf
354,https://www.mbta.com/uploadedFiles/Documents/Schedules_and_Maps/Bus/route354355(1).pdf
355,https://www.mbta.com/uploadedFiles/Documents/Schedules_and_Maps/Bus/route354355.pdf
411,https://www.mbta.com/uploadedFiles/Documents/Schedules_and_Maps/Bus/route411.pdf
424,https://www.mbta.com/uploadedFiles/Documents/Schedules_and_Maps/Bus/route424450456(1).pdf
450,https://www.mbta.com/uploadedFiles/Documents/Schedules_and_Maps/Bus/route424450456.pdf
456,https://www.mbta.com/uploadedFiles/Documents/Schedules_and_Maps/Bus/route424450456(2).pdf
426,https://www.mbta.com/uploadedFiles/Documents/Schedules_and_Maps/Bus/route426426W428.pdf
428,https://www.mbta.com/uploadedFiles/Documents/Schedules_and_Maps/Bus/route426426W428.pdf
429,https://www.mbta.com/uploadedFiles/Documents/Schedules_and_Maps/Bus/route429.pdf
430,https://www.mbta.com/uploadedFiles/Documents/Schedules_and_Maps/Bus/route430.pdf
431,https://www.mbta.com/uploadedFiles/Documents/Schedules_and_Maps/Bus/route431434435436(3).pdf
434,https://www.mbta.com/uploadedFiles/Documents/Schedules_and_Maps/Bus/route431434435436(2).pdf
435,https://www.mbta.com/uploadedFiles/Documents/Schedules_and_Maps/Bus/route431434435436(1).pdf
436,https://www.mbta.com/uploadedFiles/Documents/Schedules_and_Maps/Bus/route431434435436.pdf
439,https://www.mbta.com/uploadedFiles/Documents/Schedules_and_Maps/Bus/route439.pdf
441,https://www.mbta.com/uploadedFiles/Documents/Schedules_and_Maps/Bus/route441-449(2).pdf
442,https://www.mbta.com/uploadedFiles/Documents/Schedules_and_Maps/Bus/route441-449.pdf
448,https://www.mbta.com/uploadedFiles/Documents/Schedules_and_Maps/Bus/route441-449(1).pdf
449,https://www.mbta.com/uploadedFiles/Documents/Schedules_and_Maps/Bus/route441-449(3).pdf
455,https://www.mbta.com/uploadedFiles/Documents/Schedules_and_Maps/Bus/route455455W459.pdf
459,https://www.mbta.com/uploadedFiles/Documents/Schedules_and_Maps/Bus/route451465468.pdf
451,https://www.mbta.com/uploadedFiles/Documents/Schedules_and_Maps/Bus/route451465468.pdf
465,https://www.mbta.com/uploadedFiles/Documents/Schedules_and_Maps/Bus/route451465468(3).pdf
468,https://www.mbta.com/uploadedFiles/Documents/Schedules_and_Maps/Bus/route451465468(2).pdf
500,https://www.mbta.com/uploadedFiles/Documents/Schedules_and_Maps/Bus/route500505555(2).pdf
505,https://www.mbta.com/uploadedFiles/Documents/Schedules_and_Maps/Bus/route500505555(1).pdf
555,https://www.mbta.com/uploadedFiles/Documents/Schedules_and_Maps/Bus/route500505555.pdf
501,https://www.mbta.com/uploadedFiles/Documents/Schedules_and_Maps/Bus/route501503.pdf
503,https://www.mbta.com/uploadedFiles/Documents/Schedules_and_Maps/Bus/route501503(1).pdf
502,https://www.mbta.com/uploadedFiles/Documents/Schedules_and_Maps/Bus/route502504.pdf
504,https://www.mbta.com/uploadedFiles/Documents/Schedules_and_Maps/Bus/route502504(1).pdf
553,https://www.mbta.com/uploadedFiles/Documents/Schedules_and_Maps/Bus/route553554(1).pdf
554,https://www.mbta.com/uploadedFiles/Documents/Schedules_and_Maps/Bus/route553554.pdf
556,https://www.mbta.com/uploadedFiles/Documents/Schedules_and_Maps/Bus/route556558(1).pdf
558,https://www.mbta.com/uploadedFiles/Documents/Schedules_and_Maps/Bus/route556558.pdf
710,https://www.mbta.com/uploadedFiles/Documents/Schedules_and_Maps/Bus/710.pdf
712,https://www.mbta.com/uploadedfiles/Documents/Schedules_and_Maps/Bus/712713.pdf
713,https://www.mbta.com/uploadedfiles/Documents/Schedules_and_Maps/Bus/712713.pdf
714,https://www.mbta.com/uploadedfiles/Documents/Schedules_and_Maps/Bus/714.pdf
716,https://www.mbta.com/uploadedFiles/Documents/Schedules_and_Maps/Bus/716.pdf
701,https://www.mbta.com/uploadedFiles/Documents/Schedules_and_Maps/Bus/routeCT1.pdf
747,https://www.mbta.com/uploadedFiles/Documents/Schedules_and_Maps/Bus/routeCT2.pdf
708,https://www.mbta.com/uploadedFiles/Documents/Schedules_and_Maps/Bus/routeCT3.pdf
171,https://www.mbta.com/uploadedFiles/Documents/Schedules_and_Maps/Bus/routeCT3(1).pdf
Mattapan,https://www.mbta.com/uploadedfiles/Documents/Schedules_and_Maps/Subway/rtMattapan.pdf
741,https://www.mbta.com/uploadedFiles/Documents/Schedules_and_Maps/Bus/routesilverwater(1).pdf
742,https://www.mbta.com/uploadedFiles/Documents/Schedules_and_Maps/Bus/routesilverwater(2).pdf
751,https://www.mbta.com/uploadedFiles/Documents/Schedules_and_Maps/Bus/routesilverwater(4).pdf
749,https://www.mbta.com/uploadedFiles/Documents/Schedules_and_Maps/Bus/routesilverwater(5).pdf
CR-Fairmount,https://www.mbta.com/uploadedfiles/Documents/Schedules_and_Maps/Commuter_Rail/fairmount.pdf
CR-Fitchburg,https://www.mbta.com/uploadedfiles/Documents/Schedules_and_Maps/Commuter_Rail/fitchburg.pdf
CR-Worcester,https://www.mbta.com/uploadedfiles/Documents/Schedules_and_Maps/Commuter_Rail/worcester.pdf
CR-Franklin,https://www.mbta.com/uploadedfiles/Documents/Schedules_and_Maps/Commuter_Rail/franklin.pdf
CR-Greenbush,https://www.mbta.com/uploadedfiles/Documents/Schedules_and_Maps/Commuter_Rail/greenbush.pdf
CR-Haverhill,https://www.mbta.com/uploadedfiles/Documents/Schedules_and_Maps/Commuter_Rail/haverhill.pdf
CR-Kingston,https://www.mbta.com/uploadedfiles/Documents/Schedules_and_Maps/Commuter_Rail/kingston.pdf
CR-Lowell,https://www.mbta.com/uploadedfiles/Documents/Schedules_and_Maps/Commuter_Rail/lowell.pdf?led=11/20/2016%208:32:48%20PM
CR-Middleborough,https://www.mbta.com/uploadedfiles/Documents/Schedules_and_Maps/Commuter_Rail/middleborough.pdf?led=11/20/2016%208:33:03%20PM
CR-Needham,https://www.mbta.com/uploadedfiles/Documents/Schedules_and_Maps/Commuter_Rail/needham.pdf
CR-Newburyport,https://www.mbta.com/uploadedfiles/Documents/Schedules_and_Maps/Commuter_Rail/newburyport.pdf
CR-Providence,https://www.mbta.com/uploadedfiles/Documents/Schedules_and_Maps/Commuter_Rail/providence.pdf
Boat-F1,https://www.mbta.com/uploadedfiles/Documents/Schedules_and_Maps/Boats/routeF1.pdf?led=7/8/2016%201:49:50%20PM
Boat-F3,https://www.mbta.com/uploadedfiles/Documents/Schedules_and_Maps/Boats/routeF1.pdf?led=7/8/2016%201:49:50%20PM
Boat-F4,https://www.mbta.com/uploadedfiles/Documents/Schedules_and_Maps/Boats/routeF4.pdf?led=7/8/2016%201:50:02%20PM
Blue,https://www.mbta.com/uploadedfiles/Documents/Schedules_and_Maps/Subway/frequency-schedule.pdf
Red,https://www.mbta.com/uploadedfiles/Documents/Schedules_and_Maps/Subway/frequency-schedule.pdf
Orange,https://www.mbta.com/uploadedfiles/Documents/Schedules_and_Maps/Subway/frequency-schedule.pdf
Green-B,https://www.mbta.com/uploadedfiles/Documents/Schedules_and_Maps/Subway/frequency-schedule.pdf
Green-C,https://www.mbta.com/uploadedfiles/Documents/Schedules_and_Maps/Subway/frequency-schedule.pdf
Green-D,https://www.mbta.com/uploadedfiles/Documents/Schedules_and_Maps/Subway/frequency-schedule.pdf
Green-E,https://www.mbta.com/uploadedfiles/Documents/Schedules_and_Maps/Subway/frequency-schedule.pdf
